,State FIPS Code,County FIPS Code,Year,Max_pm2.5
0,4,1,2011,11.8
1,4,1,2012,7.3
3,4,1,2014,7.4
4,4,1,2015,6.5
5,4,1,2016,8.7
6,4,1,2017,7.2
7,4,1,2018,4.3
8,4,1,2019,4.3
9,4,3,2011,14.8
10,4,3,2012,13.1
11,4,3,2013,65.0
12,4,3,2014,127.0
13,4,3,2015,75.0
14,4,3,2016,368.0
15,4,3,2017,105.0
16,4,3,2018,89.0
17,4,3,2019,134.0
18,4,5,2011,15.1
19,4,5,2012,14.1
20,4,5,2013,11.1
57,4,12,2014,54.0
58,4,12,2015,73.0
59,4,12,2016,91.0
60,4,12,2017,65.0
61,4,12,2018,96.0
62,4,12,2019,39.0
63,4,13,2011,377.0
64,4,13,2012,523.0
65,4,13,2013,433.6
66,4,13,2014,1167.0
67,4,13,2015,160.8
68,4,13,2016,392.2
69,4,13,2017,368.5
70,4,13,2018,376.0
71,4,13,2019,258.7
72,4,15,2011,4.6
73,4,15,2012,10.5
74,4,15,2013,14.2
75,4,15,2014,9.5
76,4,15,2015,11.1
77,4,15,2016,21.0
90,4,19,2011,70.0
91,4,19,2012,66.0
92,4,19,2013,172.0
93,4,19,2014,70.0
94,4,19,2015,53.0
95,4,19,2016,70.0
96,4,19,2017,128.0
97,4,19,2018,341.0
98,4,19,2019,45.0
99,4,21,2011,31.1
100,4,21,2012,20.9
101,4,21,2013,17.6
102,4,21,2014,17.5
103,4,21,2015,231.0
104,4,21,2016,325.0
105,4,21,2017,320.0
106,4,21,2018,471.0
107,4,21,2019,98.0
108,4,23,2011,29.1
109,4,23,2012,29.0
110,4,23,2013,337.0
111,4,23,2014,425.0
112,4,23,2015,288.0
113,4,23,2016,352.0
114,4,23,2017,379.0
115,4,23,2018,354.0
116,4,23,2019,222.0
117,4,25,2011,14.3
118,4,25,2012,14.0
119,4,25,2013,9.7
126,4,27,2011,15.7
127,4,27,2012,17.0
128,4,27,2013,213.0
129,4,27,2014,278.0
130,4,27,2015,101.0
131,4,27,2016,804.0
132,4,27,2017,190.0
133,4,27,2018,159.0
134,4,27,2019,104.0
135,6,1,2011,74.0
136,6,1,2012,56.0
137,6,1,2013,75.0
138,6,1,2014,68.0
139,6,1,2015,72.0
140,6,1,2016,114.0
141,6,1,2017,89.0
142,6,1,2018,287.0
143,6,1,2019,102.0
162,6,7,2011,51.8
163,6,7,2012,28.6
164,6,7,2013,31.9
165,6,7,2014,58.6
166,6,7,2015,39.0
167,6,7,2016,37.2
168,6,7,2017,45.2
169,6,7,2018,411.7
170,6,7,2019,265.0
171,6,9,2011,152.0
172,6,9,2012,93.0
173,6,9,2013,170.0
174,6,9,2014,145.0
175,6,9,2015,985.0
176,6,9,2016,96.0
177,6,9,2017,184.0
178,6,9,2018,199.0
179,6,9,2019,69.0
180,6,11,2011,166.0
181,6,11,2012,801.0
182,6,11,2013,120.0
183,6,11,2014,59.0
184,6,11,2015,271.0
185,6,11,2016,179.0
186,6,11,2017,918.0
187,6,11,2018,260.0
188,6,11,2019,97.0
189,6,13,2011,47.5
190,6,13,2012,99.0
191,6,13,2013,61.0
192,6,13,2014,53.0
193,6,13,2015,72.0
194,6,13,2016,128.0
195,6,13,2017,218.0
196,6,13,2018,223.0
197,6,13,2019,49.0
203,6,15,2016,54.2
204,6,15,2017,78.6
205,6,15,2018,61.5
216,6,19,2011,133.3
217,6,19,2012,138.9
218,6,19,2013,101.7
219,6,19,2014,96.1
220,6,19,2015,106.3
221,6,19,2016,137.0
222,6,19,2017,180.1
223,6,19,2018,137.4
224,6,19,2019,342.6
234,6,23,2011,105.8
235,6,23,2012,82.2
236,6,23,2013,130.9
237,6,23,2014,179.0
238,6,23,2015,75.2
239,6,23,2016,20.0
240,6,23,2017,30.5
241,6,23,2018,16.3
242,6,23,2019,18.7
243,6,25,2011,32.4
244,6,25,2012,30.7
245,6,25,2013,36.3
246,6,25,2014,311.0
247,6,25,2015,448.0
248,6,25,2016,45.3
249,6,25,2017,45.8
250,6,25,2018,47.5
251,6,25,2019,53.1
252,6,27,2011,768.4
253,6,27,2012,517.8
254,6,27,2013,914.0
255,6,27,2014,955.1
256,6,27,2015,130.8
257,6,27,2016,81.9
258,6,27,2017,159.7
259,6,27,2018,121.9
260,6,27,2019,322.1
261,6,29,2011,192.0
262,6,29,2012,321.0
263,6,29,2013,354.0
264,6,29,2014,245.0
265,6,29,2015,410.0
266,6,29,2016,118.0
267,6,29,2017,76.0
268,6,29,2018,75.0
269,6,29,2019,207.0
270,6,31,2011,69.0
271,6,31,2012,161.0
272,6,31,2013,165.0
273,6,31,2014,169.0
274,6,31,2015,137.0
275,6,31,2016,107.0
276,6,31,2017,150.4
277,6,31,2018,121.7
278,6,31,2019,123.3
279,6,33,2011,8.0
280,6,33,2012,15.7
281,6,33,2013,18.5
282,6,33,2014,16.3
283,6,33,2015,7.0
284,6,33,2016,9.3
285,6,33,2017,5.5
286,6,33,2018,34.3
287,6,33,2019,8.3
297,6,37,2011,49.5
298,6,37,2012,29.5
299,6,37,2013,29.6
300,6,37,2014,32.4
301,6,37,2015,44.3
302,6,37,2016,108.0
303,6,37,2017,145.7
304,6,37,2018,163.8
305,6,37,2019,144.4
306,6,39,2011,67.0
307,6,39,2012,151.0
308,6,39,2013,320.0
309,6,39,2014,83.0
310,6,39,2015,100.0
311,6,39,2016,93.0
312,6,39,2017,141.5
313,6,39,2018,143.3
314,6,39,2019,143.9
315,6,41,2011,116.0
316,6,41,2012,51.0
317,6,41,2013,207.0
318,6,41,2014,56.0
319,6,41,2015,88.0
320,6,41,2016,53.0
321,6,41,2017,273.0
322,6,41,2018,218.0
323,6,41,2019,40.0
333,6,45,2011,52.0
334,6,45,2012,58.0
335,6,45,2013,43.0
336,6,45,2014,85.0
337,6,45,2015,59.0
338,6,45,2016,84.0
339,6,45,2017,142.0
340,6,45,2018,138.0
341,6,45,2019,64.0
342,6,47,2011,232.0
343,6,47,2012,71.0
344,6,47,2013,212.0
345,6,47,2014,100.0
346,6,47,2015,89.0
347,6,47,2016,87.0
348,6,47,2017,144.0
349,6,47,2018,140.0
350,6,47,2019,129.0
367,6,51,2018,121.1
368,6,51,2019,154.7
369,6,53,2011,86.0
370,6,53,2012,259.0
371,6,53,2013,120.0
372,6,53,2014,57.0
373,6,53,2015,116.0
374,6,53,2016,112.0
375,6,53,2017,84.0
376,6,53,2018,165.0
377,6,53,2019,66.0
379,6,55,2012,82.0
380,6,55,2013,284.0
381,6,55,2014,85.0
382,6,55,2015,114.0
383,6,55,2016,81.0
384,6,55,2017,388.0
385,6,55,2018,63.0
386,6,55,2019,96.0
387,6,57,2011,10.2
388,6,57,2012,7.7
389,6,57,2013,28.5
390,6,57,2014,14.1
391,6,57,2015,11.5
392,6,57,2016,11.7
393,6,57,2017,21.0
394,6,57,2018,503.0
395,6,57,2019,39.0
396,6,59,2011,39.2
397,6,59,2012,50.1
398,6,59,2013,37.8
399,6,59,2014,40.0
400,6,59,2015,45.8
401,6,59,2016,135.0
402,6,59,2017,329.0
403,6,59,2018,207.7
404,6,59,2019,224.0
405,6,61,2011,42.3
406,6,61,2012,116.0
407,6,61,2013,102.0
408,6,61,2014,77.0
409,6,61,2015,61.0
410,6,61,2016,125.0
411,6,61,2017,71.0
412,6,61,2018,108.0
413,6,61,2019,57.0
414,6,63,2011,58.6
415,6,63,2012,36.0
416,6,63,2013,50.6
417,6,63,2014,39.2
418,6,63,2015,42.0
419,6,63,2016,37.1
420,6,63,2017,109.7
421,6,63,2018,56.2
422,6,63,2019,32.7
423,6,65,2011,43.0
424,6,65,2012,43.0
425,6,65,2013,45.0
426,6,65,2014,251.0
427,6,65,2015,304.0
428,6,65,2016,34.0
429,6,65,2017,56.5
430,6,65,2018,95.3
431,6,65,2019,43.0
432,6,67,2011,54.3
433,6,67,2012,35.3
434,6,67,2013,105.0
435,6,67,2014,63.0
436,6,67,2015,72.0
437,6,67,2016,98.0
438,6,67,2017,218.0
439,6,67,2018,408.0
440,6,67,2019,212.0
441,6,69,2011,180.0
442,6,69,2012,95.0
443,6,69,2013,141.0
444,6,69,2014,177.0
445,6,69,2015,95.0
446,6,69,2016,78.0
447,6,69,2017,138.0
448,6,69,2018,253.0
449,6,69,2019,137.0
450,6,71,2011,52.9
451,6,71,2012,35.2
452,6,71,2013,49.3
453,6,71,2014,34.6
454,6,71,2015,89.7
455,6,71,2016,128.6
456,6,71,2017,158.8
457,6,71,2018,187.3
458,6,71,2019,213.2
459,6,73,2011,58.0
460,6,73,2012,65.0
461,6,73,2013,61.0
462,6,73,2014,47.4
463,6,73,2015,97.0
464,6,73,2016,97.0
465,6,73,2017,291.0
466,6,73,2018,264.0
467,6,73,2019,93.0
468,6,75,2011,70.0
469,6,75,2012,51.0
470,6,75,2013,70.0
471,6,75,2014,46.0
472,6,75,2015,146.0
473,6,75,2016,108.0
474,6,75,2017,190.0
475,6,75,2018,241.0
476,6,75,2019,45.0
477,6,77,2011,90.0
478,6,77,2012,149.0
479,6,77,2013,115.0
480,6,77,2014,100.0
481,6,77,2015,97.0
482,6,77,2016,101.0
483,6,77,2017,144.0
484,6,77,2018,305.0
485,6,77,2019,155.0
486,6,79,2011,84.0
487,6,79,2012,174.0
488,6,79,2013,136.0
489,6,79,2014,107.0
490,6,79,2015,95.0
491,6,79,2016,117.0
492,6,79,2017,91.0
493,6,79,2018,97.0
494,6,79,2019,170.0
495,6,81,2011,135.0
496,6,81,2012,71.0
497,6,81,2013,187.0
498,6,81,2014,87.0
499,6,81,2015,86.0
500,6,81,2016,54.0
501,6,81,2017,166.0
502,6,81,2018,181.0
503,6,81,2019,95.0
504,6,83,2011,91.0
505,6,83,2012,59.0
506,6,83,2013,111.0
507,6,83,2014,74.0
508,6,83,2015,45.0
509,6,83,2016,191.0
510,6,83,2017,48.0
511,6,83,2018,48.0
512,6,83,2019,60.0
513,6,85,2011,101.0
514,6,85,2012,83.0
515,6,85,2013,89.0
516,6,85,2014,335.0
517,6,85,2015,174.0
518,6,85,2016,105.0
519,6,85,2017,164.0
520,6,85,2018,126.0
521,6,85,2019,184.0
522,6,87,2011,46.0
523,6,87,2012,43.0
524,6,87,2013,206.0
525,6,87,2014,45.0
526,6,87,2015,55.0
527,6,87,2016,139.0
528,6,87,2017,99.0
529,6,87,2018,101.0
530,6,87,2019,257.0
531,6,89,2011,18.8
532,6,89,2012,26.4
533,6,89,2013,17.6
534,6,89,2014,22.2
535,6,89,2015,64.6
536,6,89,2016,12.6
537,6,89,2017,67.3
538,6,89,2018,131.0
539,6,89,2019,24.1
549,6,93,2011,15.8
550,6,93,2012,29.9
551,6,93,2013,34.3
552,6,93,2014,34.7
553,6,93,2015,26.5
554,6,93,2016,25.1
555,6,93,2017,78.8
556,6,93,2018,263.0
557,6,93,2019,173.0
558,6,95,2011,83.0
559,6,95,2012,70.0
560,6,95,2013,94.0
561,6,95,2014,103.0
562,6,95,2015,65.0
563,6,95,2016,64.0
564,6,95,2017,435.0
565,6,95,2018,245.0
566,6,95,2019,65.0
567,6,97,2011,73.0
568,6,97,2012,66.0
569,6,97,2013,72.0
570,6,97,2014,44.0
571,6,97,2015,216.0
572,6,97,2016,47.0
573,6,97,2017,283.0
574,6,97,2018,266.0
575,6,97,2019,120.0
576,6,99,2011,150.0
577,6,99,2012,117.0
578,6,99,2013,120.0
579,6,99,2014,142.0
580,6,99,2015,93.0
581,6,99,2016,82.0
582,6,99,2017,127.0
583,6,99,2018,317.0
584,6,99,2019,78.0
585,6,101,2011,46.4
586,6,101,2012,41.0
587,6,101,2013,33.4
588,6,101,2014,41.8
589,6,101,2015,36.1
590,6,101,2016,40.1
591,6,101,2017,45.0
592,6,101,2018,52.8
593,6,101,2019,39.3
599,6,103,2016,39.0
600,6,103,2017,134.0
601,6,103,2018,196.0
602,6,103,2019,108.0
603,6,105,2011,136.2
604,6,105,2012,226.7
605,6,105,2013,143.9
612,6,107,2011,73.2
613,6,107,2012,76.2
614,6,107,2013,124.2
615,6,107,2014,81.3
616,6,107,2015,86.3
617,6,107,2016,48.0
618,6,107,2017,86.1
619,6,107,2018,86.8
620,6,107,2019,47.2
630,6,111,2011,19.7
631,6,111,2012,79.0
632,6,111,2013,82.0
633,6,111,2014,83.0
634,6,111,2015,55.0
635,6,111,2016,57.0
636,6,111,2017,214.0
637,6,111,2018,139.0
638,6,111,2019,48.0
639,6,113,2011,39.4
640,6,113,2012,14.6
641,6,113,2013,22.0
642,6,113,2014,14.6
643,6,113,2015,29.4
644,6,113,2016,16.4
645,6,113,2017,60.1
646,6,113,2018,165.4
647,6,113,2019,27.8
657,9,1,2011,28.9
658,9,1,2012,27.6
659,9,1,2013,31.6
660,9,1,2014,235.0
661,9,1,2015,109.0
662,9,1,2016,135.0
663,9,1,2017,78.0
664,9,1,2018,67.0
665,9,1,2019,63.6
666,9,3,2011,41.0
667,9,3,2012,21.2
668,9,3,2013,35.1
669,9,3,2014,18.0
670,9,3,2015,97.0
671,9,3,2016,69.0
672,9,3,2017,118.0
673,9,3,2018,39.0
674,9,3,2019,51.4
675,9,5,2011,18.9
676,9,5,2012,18.2
677,9,5,2013,15.2
678,9,5,2014,12.3
679,9,5,2015,22.0
680,9,5,2016,230.0
681,9,5,2017,32.0
682,9,5,2018,53.0
683,9,5,2019,62.3
693,9,9,2011,45.1
694,9,9,2012,23.0
695,9,9,2013,35.1
696,9,9,2014,65.0
697,9,9,2015,71.0
698,9,9,2016,81.0
699,9,9,2017,90.0
700,9,9,2018,43.3
701,9,9,2019,48.0
702,9,11,2011,34.0
703,9,11,2012,20.6
704,9,11,2013,23.9
705,9,11,2014,132.0
706,9,11,2015,67.0
707,9,11,2016,92.0
708,9,11,2017,73.0
709,9,11,2018,31.0
710,9,11,2019,45.6
730,12,1,2012,61.0
731,12,1,2013,22.4
732,12,1,2014,17.4
733,12,1,2015,20.5
734,12,1,2016,14.9
735,12,1,2017,18.1
736,12,1,2018,15.1
737,12,1,2019,44.0
766,12,9,2012,17.0
767,12,9,2013,25.8
768,12,9,2014,14.7
769,12,9,2015,14.7
770,12,9,2016,18.0
771,12,9,2017,24.7
772,12,9,2018,13.1
773,12,9,2019,59.0
775,12,11,2012,28.4
776,12,11,2013,14.9
777,12,11,2014,27.1
778,12,11,2015,22.3
779,12,11,2016,64.1
780,12,11,2017,90.1
781,12,11,2018,127.7
782,12,11,2019,64.5
802,12,17,2012,28.4
803,12,17,2013,23.7
804,12,17,2014,25.7
805,12,17,2015,14.8
806,12,17,2016,15.2
856,12,31,2012,47.3
857,12,31,2013,25.0
858,12,31,2014,65.1
859,12,31,2015,124.2
860,12,31,2016,117.0
861,12,31,2017,113.8
862,12,31,2018,57.7
863,12,31,2019,38.1
865,12,33,2012,22.7
866,12,33,2013,22.2
867,12,33,2014,17.5
868,12,33,2015,19.0
869,12,33,2016,15.1
870,12,33,2017,24.7
871,12,33,2018,21.1
872,12,33,2019,85.0
973,12,57,2012,25.0
974,12,57,2013,26.9
975,12,57,2014,62.1
976,12,57,2015,65.7
977,12,57,2016,53.0
978,12,57,2017,77.6
979,12,57,2018,72.1
980,12,57,2019,39.4
1036,12,71,2012,15.1
1037,12,71,2013,15.9
1038,12,71,2014,15.1
1039,12,71,2015,17.3
1040,12,71,2016,13.8
1041,12,71,2017,17.0
1042,12,71,2018,157.7
1043,12,71,2019,65.4
1045,12,73,2012,30.0
1046,12,73,2013,34.0
1047,12,73,2014,66.4
1048,12,73,2015,22.5
1049,12,73,2016,18.8
1050,12,73,2017,24.4
1051,12,73,2018,32.0
1052,12,73,2019,25.4
1108,12,86,2012,40.0
1109,12,86,2013,14.4
1110,12,86,2014,22.3
1111,12,86,2015,13.6
1112,12,86,2016,22.7
1113,12,86,2017,23.6
1114,12,86,2018,149.8
1115,12,86,2019,45.6
1153,12,95,2012,24.0
1154,12,95,2013,16.9
1155,12,95,2014,19.0
1156,12,95,2015,18.6
1157,12,95,2016,39.4
1158,12,95,2017,172.5
1159,12,95,2018,97.8
1160,12,95,2019,60.6
1170,12,99,2011,448.0
1171,12,99,2012,82.0
1172,12,99,2013,33.0
1173,12,99,2014,18.9
1174,12,99,2015,16.6
1175,12,99,2016,16.0
1176,12,99,2017,17.6
1177,12,99,2018,18.7
1178,12,99,2019,145.0
1189,12,103,2012,31.3
1190,12,103,2013,23.7
1191,12,103,2014,22.7
1192,12,103,2015,20.7
1193,12,103,2016,19.5
1194,12,103,2017,34.3
1195,12,103,2018,63.5
1196,12,103,2019,50.4
1198,12,105,2012,28.0
1199,12,105,2013,18.0
1200,12,105,2014,18.3
1201,12,105,2015,21.1
1202,12,105,2016,25.2
1203,12,105,2017,16.2
1204,12,105,2018,134.2
1205,12,105,2019,153.4
1243,12,115,2012,32.0
1244,12,115,2013,22.7
1245,12,115,2014,24.1
1246,12,115,2015,17.4
1247,12,115,2016,15.3
1248,12,115,2017,15.0
1249,12,115,2018,40.5
1250,12,115,2019,67.1
1252,12,117,2012,24.2
1253,12,117,2013,16.6
1254,12,117,2014,18.3
1255,12,117,2015,20.5
1256,12,117,2016,21.7
1257,12,117,2017,17.1
1258,12,117,2018,60.2
1259,12,117,2019,66.6
1297,12,127,2012,16.1
1298,12,127,2013,17.1
1299,12,127,2014,16.7
1300,12,127,2015,15.6
1301,12,127,2016,15.1
1302,12,127,2017,18.7
1303,12,127,2018,59.7
1304,12,127,2019,54.8
1386,19,13,2011,29.8
1387,19,13,2012,24.0
1388,19,13,2013,34.1
1389,19,13,2014,23.4
1390,19,13,2015,32.4
1391,19,13,2016,22.9
1392,19,13,2017,19.7
1393,19,13,2018,22.9
1394,19,13,2019,25.5
1530,19,45,2011,28.9
1531,19,45,2012,29.5
1532,19,45,2013,37.4
1533,19,45,2014,38.7
1534,19,45,2015,45.8
1535,19,45,2016,25.2
1536,19,45,2017,24.3
1537,19,45,2018,24.0
1538,19,45,2019,28.1
1575,19,55,2011,28.0
1576,19,55,2012,24.2
1577,19,55,2013,30.1
1578,19,55,2014,24.4
1579,19,55,2015,22.6
1580,19,55,2016,25.2
1581,19,55,2017,19.4
1791,19,103,2011,33.7
1792,19,103,2012,28.2
1793,19,103,2013,33.4
1794,19,103,2014,38.3
1795,19,103,2015,45.3
1796,19,103,2016,32.0
1797,19,103,2017,24.1
1798,19,103,2018,31.7
1799,19,103,2019,58.0
1827,19,111,2011,26.3
1828,19,111,2012,26.3
1829,19,111,2013,29.8
1830,19,111,2014,34.2
1831,19,111,2015,26.9
1832,19,111,2016,21.3
1833,19,111,2017,19.0
1834,19,111,2018,23.8
1835,19,111,2019,21.1
1836,19,113,2011,27.2
1837,19,113,2012,32.2
1838,19,113,2013,43.2
1839,19,113,2014,40.0
1840,19,113,2015,36.3
1841,19,113,2016,21.0
1842,19,113,2017,199.0
1843,19,113,2018,48.0
1844,19,113,2019,51.6
1944,19,137,2011,28.5
1945,19,137,2012,28.9
1946,19,137,2013,24.2
1947,19,137,2014,36.1
1948,19,137,2015,29.0
1949,19,137,2016,21.0
1950,19,137,2017,24.6
1951,19,137,2018,20.2
1952,19,137,2019,16.8
1953,19,139,2011,52.3
1954,19,139,2012,60.2
1955,19,139,2013,47.3
1956,19,139,2014,44.2
1957,19,139,2015,50.3
1958,19,139,2016,30.9
1959,19,139,2017,24.7
1960,19,139,2018,32.8
1961,19,139,2019,31.1
1989,19,147,2011,26.2
1990,19,147,2012,35.5
1991,19,147,2013,27.4
1992,19,147,2014,30.2
1993,19,147,2015,30.3
1994,19,147,2016,16.3
1995,19,147,2017,35.0
1996,19,147,2018,22.2
1997,19,147,2019,23.1
2016,19,153,2011,34.3
2017,19,153,2012,29.3
2018,19,153,2013,35.0
2019,19,153,2014,25.9
2020,19,153,2015,32.6
2021,19,153,2016,43.0
2022,19,153,2017,461.0
2023,19,153,2018,70.0
2024,19,153,2019,56.0
2025,19,155,2011,32.2
2026,19,155,2012,34.6
2027,19,155,2013,26.7
2028,19,155,2014,39.5
2029,19,155,2015,26.0
2030,19,155,2016,19.8
2031,19,155,2017,20.9
2032,19,155,2018,36.0
2033,19,155,2019,21.0
2061,19,163,2011,32.4
2062,19,163,2012,25.7
2063,19,163,2013,38.5
2064,19,163,2014,36.9
2065,19,163,2015,49.2
2066,19,163,2016,23.2
2067,19,163,2017,24.7
2068,19,163,2018,32.6
2069,19,163,2019,242.3
2097,19,171,2011,30.4
2124,19,177,2011,29.7
2125,19,177,2012,22.9
2126,19,177,2013,21.4
2127,19,177,2014,27.9
2128,19,177,2015,29.0
2129,19,177,2016,20.3
2130,19,177,2017,17.1
2131,19,177,2018,21.6
2132,19,177,2019,19.3
2196,19,193,2011,24.6
2197,19,193,2012,31.3
2198,19,193,2013,43.5
2199,19,193,2014,38.2
2200,19,193,2015,35.0
2201,19,193,2016,17.4
2202,19,193,2017,20.3
2203,19,193,2018,31.8
2204,19,193,2019,26.2
2628,20,91,2011,32.1
2629,20,91,2012,27.8
2630,20,91,2013,26.0
2631,20,91,2014,19.8
2632,20,91,2015,19.4
2633,20,91,2016,91.0
2634,20,91,2017,51.4
2635,20,91,2018,78.4
2636,20,91,2019,156.9
2700,20,107,2011,31.3
2701,20,107,2012,20.3
2702,20,107,2013,26.0
2820,20,133,2014,41.7
2821,20,133,2015,26.1
2822,20,133,2016,24.6
2823,20,133,2017,18.2
2824,20,133,2018,25.8
2825,20,133,2019,133.6
2997,20,173,2011,27.3
2998,20,173,2012,33.6
2999,20,173,2013,19.8
3000,20,173,2014,28.8
3001,20,173,2015,31.0
3002,20,173,2016,51.0
3003,20,173,2017,181.6
3004,20,173,2018,57.4
3005,20,173,2019,124.4
3015,20,177,2011,32.8
3016,20,177,2012,35.2
3017,20,177,2013,20.8
3018,20,177,2014,37.1
3019,20,177,2015,21.0
3020,20,177,2016,23.0
3021,20,177,2017,147.2
3022,20,177,2018,182.9
3023,20,177,2019,144.0
3078,20,191,2011,26.2
3079,20,191,2012,33.1
3080,20,191,2013,21.5
3081,20,191,2014,27.9
3082,20,191,2015,24.0
3083,20,191,2016,22.1
3084,20,191,2017,20.2
3085,20,191,2018,22.1
3086,20,191,2019,31.2
3101,20,195,2016,98.3
3102,20,195,2017,219.2
3103,20,195,2018,175.7
3104,20,195,2019,355.2
3159,20,209,2011,31.1
3160,20,209,2012,26.2
3161,20,209,2013,21.3
3162,20,209,2014,36.0
3163,20,209,2015,22.0
3164,20,209,2016,22.6
3165,20,209,2017,237.7
3166,20,209,2018,357.6
3167,20,209,2019,341.4
3222,21,13,2011,26.6
3223,21,13,2012,22.7
3224,21,13,2013,21.7
3225,21,13,2014,22.6
3226,21,13,2015,22.8
3227,21,13,2016,75.8
3228,21,13,2017,19.7
3229,21,13,2018,18.9
3230,21,13,2019,18.8
3249,21,19,2011,28.3
3250,21,19,2012,24.8
3251,21,19,2013,21.9
3252,21,19,2014,25.9
3253,21,19,2015,25.8
3254,21,19,2016,24.5
3255,21,19,2017,38.5
3256,21,19,2018,80.5
3257,21,19,2019,27.7
3294,21,29,2011,32.1
3330,21,37,2011,55.0
3331,21,37,2012,65.0
3332,21,37,2013,24.2
3333,21,37,2014,25.6
3334,21,37,2015,28.6
3335,21,37,2016,25.2
3336,21,37,2017,18.5
3337,21,37,2018,41.6
3338,21,37,2019,40.0
3357,21,43,2011,23.1
3358,21,43,2012,19.5
3359,21,43,2013,19.4
3360,21,43,2014,23.6
3361,21,43,2015,21.2
3362,21,43,2016,36.2
3363,21,43,2017,14.5
3364,21,43,2018,15.8
3365,21,43,2019,12.7
3375,21,47,2011,25.3
3376,21,47,2012,21.2
3377,21,47,2013,24.7
3378,21,47,2014,27.2
3379,21,47,2015,24.5
3380,21,47,2016,20.3
3381,21,47,2017,19.5
3382,21,47,2018,23.8
3383,21,47,2019,24.5
3429,21,59,2011,32.0
3430,21,59,2012,26.8
3431,21,59,2013,23.8
3432,21,59,2014,30.6
3433,21,59,2015,23.3
3434,21,59,2016,22.8
3435,21,59,2017,307.6
3436,21,59,2018,53.7
3437,21,59,2019,76.0
3465,21,67,2011,27.0
3466,21,67,2012,23.5
3467,21,67,2013,21.0
3468,21,67,2014,23.7
3469,21,67,2015,21.0
3470,21,67,2016,26.3
3471,21,67,2017,20.4
3472,21,67,2018,32.2
3473,21,67,2019,53.2
3492,21,73,2011,34.4
3582,21,93,2011,38.0
3583,21,93,2012,255.0
3584,21,93,2013,52.0
3585,21,93,2014,27.4
3586,21,93,2015,24.2
3587,21,93,2016,20.0
3588,21,93,2017,19.2
3589,21,93,2018,21.8
3590,21,93,2019,45.6
3618,21,101,2011,27.9
3619,21,101,2012,24.2
3620,21,101,2013,28.3
3621,21,101,2014,27.3
3622,21,101,2015,30.2
3623,21,101,2016,20.0
3624,21,101,2017,36.5
3625,21,101,2018,217.6
3626,21,101,2019,43.2
3663,21,111,2011,110.3
3664,21,111,2012,51.2
3665,21,111,2013,96.2
3666,21,111,2014,70.7
3667,21,111,2015,99.3
3668,21,111,2016,194.5
3669,21,111,2017,122.2
3670,21,111,2018,214.8
3671,21,111,2019,68.4
3816,21,145,2011,24.3
3817,21,145,2012,21.2
3818,21,145,2013,23.0
3819,21,145,2014,24.9
3820,21,145,2015,31.0
3821,21,145,2016,18.1
3822,21,145,2017,202.3
3823,21,145,2018,163.2
3824,21,145,2019,117.7
3843,21,151,2011,23.1
3844,21,151,2012,19.9
3845,21,151,2013,20.2
3846,21,151,2014,22.4
3847,21,151,2015,21.6
3848,21,151,2016,30.5
3849,21,151,2017,20.7
4034,21,193,2013,12.2
4035,21,193,2014,16.5
4036,21,193,2015,25.6
4037,21,193,2016,79.8
4038,21,193,2017,12.7
4039,21,193,2018,16.8
4040,21,193,2019,48.7
4041,21,195,2011,24.0
4042,21,195,2012,142.0
4043,21,195,2013,593.0
4044,21,195,2014,115.8
4045,21,195,2015,27.0
4046,21,195,2016,40.2
4047,21,195,2017,17.3
4048,21,195,2018,25.1
4049,21,195,2019,143.8
4059,21,199,2011,80.0
4060,21,199,2012,22.4
4061,21,199,2013,19.9
4062,21,199,2014,28.3
4063,21,199,2015,23.8
4064,21,199,2016,27.4
4065,21,199,2017,18.6
4066,21,199,2018,17.9
4067,21,199,2019,17.8
4185,21,227,2011,26.5
4186,21,227,2012,17.1
4187,21,227,2013,20.1
4188,21,227,2014,25.1
4189,21,227,2015,24.3
4190,21,227,2016,21.4
4191,21,227,2017,19.1
4192,21,227,2018,23.2
4193,21,227,2019,72.9
4320,22,17,2011,32.6
4321,22,17,2012,29.9
4322,22,17,2013,31.6
4323,22,17,2014,20.3
4324,22,17,2015,25.5
4325,22,17,2016,23.1
4326,22,17,2017,30.5
4327,22,17,2018,46.5
4328,22,17,2019,25.9
4329,22,19,2011,30.7
4330,22,19,2012,21.0
4331,22,19,2013,22.7
4332,22,19,2014,20.7
4333,22,19,2015,16.7
4334,22,19,2016,22.7
4335,22,19,2017,23.0
4336,22,19,2018,36.4
4337,22,19,2019,18.5
4392,22,33,2011,135.0
4393,22,33,2012,90.3
4394,22,33,2013,73.8
4395,22,33,2014,83.4
4396,22,33,2015,79.4
4397,22,33,2016,51.0
4398,22,33,2017,45.6
4399,22,33,2018,60.4
4400,22,33,2019,44.9
4455,22,47,2011,25.5
4456,22,47,2012,21.1
4457,22,47,2013,26.7
4458,22,47,2014,24.0
4459,22,47,2015,28.1
4460,22,47,2016,21.7
4461,22,47,2017,18.5
4462,22,47,2018,58.8
4463,22,47,2019,19.4
4473,22,51,2011,27.5
4474,22,51,2012,26.9
4475,22,51,2013,20.8
4476,22,51,2014,27.9
4477,22,51,2015,20.7
4478,22,51,2016,14.3
4479,22,51,2017,26.3
4480,22,51,2018,23.1
4481,22,51,2019,16.0
4491,22,55,2011,9.9
4492,22,55,2012,24.2
4493,22,55,2013,24.2
4494,22,55,2014,23.5
4495,22,55,2015,17.3
4496,22,55,2016,16.8
4497,22,55,2017,28.5
4498,22,55,2018,30.0
4499,22,55,2019,19.4
4567,22,71,2015,22.4
4568,22,71,2016,17.0
4569,22,71,2017,24.5
4570,22,71,2018,22.7
4571,22,71,2019,19.8
4572,22,73,2011,23.3
4573,22,73,2012,23.0
4574,22,73,2013,23.8
4575,22,73,2014,18.2
4576,22,73,2015,18.1
4577,22,73,2016,21.9
4578,22,73,2017,26.4
4579,22,73,2018,35.4
4580,22,73,2019,18.4
4599,22,79,2011,28.3
4600,22,79,2012,29.5
4601,22,79,2013,20.5
4602,22,79,2014,22.4
4603,22,79,2015,18.7
4604,22,79,2016,17.2
4605,22,79,2017,18.7
4606,22,79,2018,31.3
4607,22,79,2019,21.4
4635,22,87,2011,21.2
4636,22,87,2012,26.9
4637,22,87,2013,15.7
4638,22,87,2014,18.5
4639,22,87,2015,23.2
4640,22,87,2016,32.4
4641,22,87,2017,26.3
4642,22,87,2018,21.7
4643,22,87,2019,16.3
4716,22,105,2011,26.0
4717,22,105,2012,23.1
4718,22,105,2013,25.3
4719,22,105,2014,18.0
4720,22,105,2015,34.4
4721,22,105,2016,16.1
4722,22,105,2017,31.6
4723,22,105,2018,17.7
4724,22,105,2019,18.3
4734,22,109,2011,20.1
4735,22,109,2012,20.2
4736,22,109,2013,19.2
4737,22,109,2014,17.5
4738,22,109,2015,24.2
4739,22,109,2016,22.3
4740,22,109,2017,28.7
4741,22,109,2018,21.1
4742,22,109,2019,20.9
4788,22,121,2011,38.0
4789,22,121,2012,23.8
4790,22,121,2013,26.2
4791,22,121,2014,22.4
4792,22,121,2015,24.8
4793,22,121,2016,23.6
4794,22,121,2017,30.2
4795,22,121,2018,31.5
4796,22,121,2019,26.2
4826,23,1,2013,51.0
4827,23,1,2014,50.0
4828,23,1,2015,146.0
4829,23,1,2016,56.0
4830,23,1,2017,105.0
4831,23,1,2018,140.0
4832,23,1,2019,99.0
4836,23,3,2014,159.0
4837,23,3,2015,105.0
4838,23,3,2016,703.0
4839,23,3,2017,518.0
4840,23,3,2018,870.0
4841,23,3,2019,727.0
4844,23,5,2013,116.3
4845,23,5,2014,83.0
4846,23,5,2015,61.3
4847,23,5,2016,61.4
4848,23,5,2017,129.7
4849,23,5,2018,132.0
4850,23,5,2019,57.0
4856,23,7,2016,41.2
4857,23,7,2017,52.8
4862,23,9,2013,18.0
4863,23,9,2014,31.0
4864,23,9,2015,33.0
4865,23,9,2016,36.0
4866,23,9,2017,61.0
4867,23,9,2018,28.0
4868,23,9,2019,23.6
4873,23,11,2015,15.2
4874,23,11,2016,26.0
4875,23,11,2017,17.5
4876,23,11,2018,12.7
4877,23,11,2019,19.5
4899,23,17,2014,56.0
4900,23,17,2015,59.0
4901,23,17,2016,128.0
4902,23,17,2017,176.0
4903,23,17,2018,190.0
4904,23,17,2019,118.0
4907,23,19,2013,72.0
4908,23,19,2014,54.0
4909,23,19,2015,187.0
4910,23,19,2016,60.0
4911,23,19,2017,116.0
4912,23,19,2018,170.0
4913,23,19,2019,30.0
4977,25,3,2011,29.8
4978,25,3,2012,22.2
4979,25,3,2013,20.1
4980,25,3,2014,18.4
4981,25,3,2015,57.4
4982,25,3,2016,139.3
4983,25,3,2017,164.0
4984,25,3,2018,63.0
4985,25,3,2019,111.0
4986,25,5,2011,20.5
4987,25,5,2012,20.8
4988,25,5,2013,19.7
4989,25,5,2014,38.2
4990,25,5,2015,102.0
4991,25,5,2016,165.0
4992,25,5,2017,37.0
4993,25,5,2018,41.0
4994,25,5,2019,249.0
5004,25,9,2011,19.7
5005,25,9,2012,26.0
5006,25,9,2013,15.7
5007,25,9,2014,175.2
5008,25,9,2015,253.7
5009,25,9,2016,41.0
5010,25,9,2017,179.0
5011,25,9,2018,84.0
5012,25,9,2019,137.0
5016,25,11,2014,23.0
5017,25,11,2015,24.4
5018,25,11,2016,59.0
5019,25,11,2017,60.0
5020,25,11,2018,62.0
5021,25,11,2019,46.0
5022,25,13,2011,22.7
5023,25,13,2012,18.8
5024,25,13,2013,20.6
5025,25,13,2014,18.9
5026,25,13,2015,18.1
5027,25,13,2016,81.0
5028,25,13,2017,56.0
5029,25,13,2018,23.0
5030,25,13,2019,64.0
5035,25,15,2015,48.0
5036,25,15,2016,101.0
5037,25,15,2017,47.0
5038,25,15,2018,46.0
5039,25,15,2019,41.0
5040,25,17,2011,23.5
5041,25,17,2012,19.9
5047,25,17,2018,112.0
5048,25,17,2019,190.0
5061,25,21,2014,93.5
5062,25,21,2015,96.1
5063,25,21,2016,24.0
5067,25,23,2011,21.3
5068,25,23,2012,22.5
5069,25,23,2013,18.9
5070,25,23,2014,12.2
5071,25,23,2015,33.0
5072,25,23,2016,71.0
5073,25,23,2017,89.0
5074,25,23,2018,46.0
5075,25,23,2019,50.0
5076,25,25,2011,23.7
5077,25,25,2012,23.0
5078,25,25,2013,18.2
5079,25,25,2014,61.0
5080,25,25,2015,138.8
5081,25,25,2016,38.0
5082,25,25,2017,194.0
5083,25,25,2018,188.0
5084,25,25,2019,89.0
5085,25,27,2011,24.7
5086,25,27,2012,20.6
5087,25,27,2013,18.2
5088,25,27,2014,59.1
5089,25,27,2015,126.0
5090,25,27,2016,55.0
5091,25,27,2017,33.0
5092,25,27,2018,75.0
5093,25,27,2019,49.0
5103,27,3,2011,57.0
5104,27,3,2012,53.0
5105,27,3,2013,58.0
5106,27,3,2014,44.0
5107,27,3,2015,139.0
5108,27,3,2016,240.0
5109,27,3,2017,56.0
5110,27,3,2018,58.0
5111,27,3,2019,218.0
5114,27,5,2013,39.0
5115,27,5,2014,47.0
5116,27,5,2015,148.0
5117,27,5,2016,72.0
5118,27,5,2017,46.0
5119,27,5,2018,67.0
5120,27,5,2019,43.0
5124,27,7,2014,38.0
5125,27,7,2015,157.0
5126,27,7,2016,61.0
5127,27,7,2017,106.0
5128,27,7,2018,117.0
5129,27,7,2019,222.0
5170,27,17,2015,133.0
5171,27,17,2016,292.0
5172,27,17,2017,47.0
5173,27,17,2018,48.0
5174,27,17,2019,92.0
5184,27,21,2011,13.0
5185,27,21,2012,11.0
5191,27,21,2018,72.0
5192,27,21,2019,146.0
5234,27,31,2016,88.0
5235,27,31,2017,38.0
5236,27,31,2018,87.0
5237,27,31,2019,185.0
5249,27,35,2013,65.0
5250,27,35,2014,42.0
5251,27,35,2015,146.0
5252,27,35,2016,59.0
5253,27,35,2017,52.0
5254,27,35,2018,89.0
5255,27,35,2019,215.0
5256,27,37,2011,24.7
5257,27,37,2012,27.4
5258,27,37,2013,55.0
5259,27,37,2014,47.0
5260,27,37,2015,133.0
5261,27,37,2016,199.0
5262,27,37,2017,55.0
5263,27,37,2018,88.0
5264,27,37,2019,227.0
5328,27,53,2011,172.0
5329,27,53,2012,169.0
5330,27,53,2013,126.0
5331,27,53,2014,78.0
5332,27,53,2015,130.0
5333,27,53,2016,281.0
5334,27,53,2017,120.0
5335,27,53,2018,172.0
5336,27,53,2019,84.0
5429,27,75,2013,42.0
5430,27,75,2014,36.0
5431,27,75,2015,113.0
5432,27,75,2016,77.0
5433,27,75,2017,45.0
5434,27,75,2018,49.0
5435,27,75,2019,75.0
5463,27,83,2011,63.0
5464,27,83,2012,67.0
5465,27,83,2013,78.0
5466,27,83,2014,56.0
5467,27,83,2015,131.0
5468,27,83,2016,205.0
5469,27,83,2017,74.0
5470,27,83,2018,114.0
5471,27,83,2019,159.0
5580,27,109,2011,140.0
5581,27,109,2012,54.0
5582,27,109,2013,52.0
5583,27,109,2014,99.0
5584,27,109,2015,119.0
5585,27,109,2016,172.0
5586,27,109,2017,42.0
5587,27,109,2018,185.0
5588,27,109,2019,322.0
5643,27,123,2011,74.0
5644,27,123,2012,86.0
5645,27,123,2013,63.0
5646,27,123,2014,50.0
5647,27,123,2015,139.0
5648,27,123,2016,84.0
5649,27,123,2017,79.0
5650,27,123,2018,102.0
5651,27,123,2019,280.0
5706,27,137,2011,91.0
5707,27,137,2012,161.0
5708,27,137,2013,50.0
5709,27,137,2014,54.0
5710,27,137,2015,133.0
5711,27,137,2016,214.0
5712,27,137,2017,48.0
5713,27,137,2018,60.0
5714,27,137,2019,96.0
5715,27,139,2011,22.8
5716,27,139,2012,28.1
5717,27,139,2013,26.1
5718,27,139,2014,29.6
5719,27,139,2015,20.4
5720,27,139,2016,21.5
5721,27,139,2017,20.3
5722,27,139,2018,38.0
5723,27,139,2019,80.0
5742,27,145,2011,49.0
5743,27,145,2012,67.0
5744,27,145,2013,63.0
5745,27,145,2014,49.0
5746,27,145,2015,96.0
5747,27,145,2016,62.0
5748,27,145,2017,50.0
5749,27,145,2018,54.0
5750,27,145,2019,125.0
5824,27,163,2012,48.0
5825,27,163,2013,55.0
5826,27,163,2014,122.0
5827,27,163,2015,183.0
5828,27,163,2016,67.0
5829,27,163,2017,56.0
5830,27,163,2018,77.0
5831,27,163,2019,48.0
5853,27,169,2014,57.0
5861,27,171,2013,51.0
5862,27,171,2014,48.0
5863,27,171,2015,150.0
5864,27,171,2016,353.0
5865,27,171,2017,58.0
5866,27,171,2018,56.0
5867,27,171,2019,93.0
5967,29,21,2011,62.3
5968,29,21,2012,55.4
5969,29,21,2013,67.4
5970,29,21,2014,156.0
5971,29,21,2015,131.0
5972,29,21,2016,127.5
5973,29,21,2017,326.2
5974,29,21,2018,81.3
5975,29,21,2019,199.9
6039,29,37,2011,51.2
6040,29,37,2012,44.3
6041,29,37,2013,128.3
6042,29,37,2014,105.4
6043,29,37,2015,104.0
6044,29,37,2016,265.8
6045,29,37,2017,77.0
6046,29,37,2018,221.4
6047,29,37,2019,80.7
6048,29,39,2011,55.3
6049,29,39,2012,217.3
6050,29,39,2013,234.1
6051,29,39,2014,86.9
6052,29,39,2015,297.0
6053,29,39,2016,101.4
6054,29,39,2017,102.3
6055,29,39,2018,147.3
6056,29,39,2019,123.9
6084,29,47,2011,178.5
6085,29,47,2012,39.1
6086,29,47,2013,138.2
6087,29,47,2014,288.6
6088,29,47,2015,79.9
6089,29,47,2016,112.4
6090,29,47,2017,76.5
6091,29,47,2018,58.3
6092,29,47,2019,139.3
6219,29,77,2011,62.6
6220,29,77,2012,81.4
6221,29,77,2013,53.4
6222,29,77,2014,64.1
6223,29,77,2015,85.5
6224,29,77,2016,88.6
6225,29,77,2017,113.3
6226,29,77,2018,96.1
6227,29,77,2019,51.5
6300,29,95,2011,74.7
6301,29,95,2012,77.1
6302,29,95,2013,95.8
6303,29,95,2014,115.2
6304,29,95,2015,204.3
6305,29,95,2016,289.7
6306,29,95,2017,184.5
6307,29,95,2018,241.1
6308,29,95,2019,76.6
6318,29,99,2011,100.0
6319,29,99,2012,180.2
6320,29,99,2013,128.5
6321,29,99,2014,162.7
6322,29,99,2015,169.3
6323,29,99,2016,129.6
6324,29,99,2017,216.3
6325,29,99,2018,282.0
6326,29,99,2019,37.2
6723,29,189,2011,121.5
6724,29,189,2012,213.8
6725,29,189,2013,80.0
6726,29,189,2014,98.8
6727,29,189,2015,73.6
6728,29,189,2016,99.2
6729,29,189,2017,92.2
6730,29,189,2018,76.1
6731,29,189,2019,98.1
6732,29,510,2011,91.1
6733,29,510,2012,159.5
6734,29,510,2013,84.1
6735,29,510,2014,78.8
6736,29,510,2015,110.7
6737,29,510,2016,169.6
6738,29,510,2017,80.5
6739,29,510,2018,74.3
6740,29,510,2019,99.7
6912,34,1,2011,25.4
6913,34,1,2012,23.0
6914,34,1,2013,24.0
6915,34,1,2014,19.1
6916,34,1,2015,24.3
6917,34,1,2016,35.3
6918,34,1,2017,46.7
6919,34,1,2018,30.9
6920,34,1,2019,35.0
6921,34,3,2011,26.4
6922,34,3,2012,24.9
6923,34,3,2013,32.7
6924,34,3,2014,28.4
6925,34,3,2015,63.3
6926,34,3,2016,76.6
6927,34,3,2017,59.9
6928,34,3,2018,82.4
6929,34,3,2019,104.9
6939,34,7,2011,27.0
6940,34,7,2012,23.0
6941,34,7,2013,36.0
6942,34,7,2014,27.6
6943,34,7,2015,30.2
6944,34,7,2016,93.6
6945,34,7,2017,94.1
6946,34,7,2018,67.8
6947,34,7,2019,59.0
6962,34,11,2016,53.1
6963,34,11,2017,45.0
6964,34,11,2018,53.7
6965,34,11,2019,44.9
6966,34,13,2011,27.7
6967,34,13,2012,23.5
6968,34,13,2013,27.6
6969,34,13,2014,41.4
6970,34,13,2015,26.7
6971,34,13,2016,78.8
6972,34,13,2017,54.7
6973,34,13,2018,55.2
6974,34,13,2019,47.1
6975,34,15,2011,30.7
6976,34,15,2012,25.2
6977,34,15,2013,31.9
6978,34,15,2014,27.5
6979,34,15,2015,25.8
6980,34,15,2016,21.9
6981,34,15,2017,21.7
6982,34,15,2018,17.1
6983,34,15,2019,29.5
6984,34,17,2011,40.8
6985,34,17,2012,31.0
6986,34,17,2013,33.1
6987,34,17,2014,32.8
6988,34,17,2015,29.5
6989,34,17,2016,50.3
6990,34,17,2017,49.6
6991,34,17,2018,55.0
6992,34,17,2019,57.0
6998,34,19,2016,40.2
6999,34,19,2017,34.8
7000,34,19,2018,35.9
7001,34,19,2019,42.4
7002,34,21,2011,33.8
7003,34,21,2012,27.7
7004,34,21,2013,34.4
7005,34,21,2014,30.9
7006,34,21,2015,28.8
7007,34,21,2016,62.6
7008,34,21,2017,41.5
7009,34,21,2018,66.7
7010,34,21,2019,39.7
7011,34,23,2011,25.8
7012,34,23,2012,19.6
7013,34,23,2013,27.0
7014,34,23,2014,32.5
7015,34,23,2015,26.8
7016,34,23,2016,71.5
7017,34,23,2017,80.3
7018,34,23,2018,48.7
7019,34,23,2019,46.2
7029,34,27,2011,24.8
7030,34,27,2012,20.5
7031,34,27,2013,27.9
7032,34,27,2014,32.4
7033,34,27,2015,26.3
7034,34,27,2016,15.6
7035,34,27,2017,18.0
7036,34,27,2018,18.4
7037,34,27,2019,18.4
7038,34,29,2011,32.6
7039,34,29,2012,26.2
7040,34,29,2013,31.2
7041,34,29,2014,21.0
7042,34,29,2015,37.3
7043,34,29,2016,28.8
7044,34,29,2017,30.4
7045,34,29,2018,19.9
7046,34,29,2019,23.1
7047,34,31,2011,34.0
7048,34,31,2012,30.7
7049,34,31,2013,28.6
7050,34,31,2014,33.5
7051,34,31,2015,27.2
7052,34,31,2016,21.0
7053,34,31,2017,20.3
7054,34,31,2018,30.0
7055,34,31,2019,25.7
7083,34,39,2011,42.4
7084,34,39,2012,33.3
7085,34,39,2013,38.0
7086,34,39,2014,51.7
7087,34,39,2015,33.4
7088,34,39,2016,48.9
7089,34,39,2017,61.7
7090,34,39,2018,46.1
7091,34,39,2019,89.0
7092,34,41,2011,28.8
7093,34,41,2012,24.2
7094,34,41,2013,32.9
7095,34,41,2014,31.2
7096,34,41,2015,30.0
7097,34,41,2016,42.6
7098,34,41,2017,38.5
7099,34,41,2018,52.4
7100,34,41,2019,55.9
7101,35,1,2011,29.1
7102,35,1,2012,61.3
7103,35,1,2013,61.1
7104,35,1,2014,74.8
7105,35,1,2015,71.0
7106,35,1,2016,57.4
7107,35,1,2017,59.0
7108,35,1,2018,48.9
7109,35,1,2019,169.9
7119,35,5,2011,20.0
7164,35,13,2011,14.1
7165,35,13,2012,16.0
7166,35,13,2013,74.5
7167,35,13,2014,16.5
7168,35,13,2015,135.0
7169,35,13,2016,215.0
7170,35,13,2017,167.0
7171,35,13,2018,238.0
7172,35,13,2019,292.0
7182,35,17,2011,13.1
7218,35,25,2011,29.5
7219,35,25,2012,16.2
7220,35,25,2013,33.1
7221,35,25,2014,30.6
7222,35,25,2015,17.6
7223,35,25,2016,17.7
7224,35,25,2017,114.0
7225,35,25,2018,402.0
7226,35,25,2019,106.0
7317,35,45,2011,12.5
7318,35,45,2012,16.0
7319,35,45,2013,22.3
7320,35,45,2014,10.5
7321,35,45,2015,13.8
7335,35,49,2011,31.0
7336,35,49,2012,10.1
7337,35,49,2013,25.8
7338,35,49,2014,7.3
7341,35,49,2017,43.0
7342,35,49,2018,41.0
7343,35,49,2019,135.0
7368,35,55,2017,56.0
7369,35,55,2018,51.0
7370,35,55,2019,58.0
7398,36,1,2011,43.6
7399,36,1,2012,20.6
7400,36,1,2013,26.0
7401,36,1,2014,20.2
7402,36,1,2015,23.7
7403,36,1,2016,22.6
7404,36,1,2017,55.8
7405,36,1,2018,36.7
7406,36,1,2019,101.0
7416,36,5,2011,27.9
7417,36,5,2012,26.1
7418,36,5,2013,29.7
7419,36,5,2014,52.2
7420,36,5,2015,57.3
7421,36,5,2016,67.9
7422,36,5,2017,329.5
7423,36,5,2018,43.6
7424,36,5,2019,52.1
7452,36,13,2011,29.5
7453,36,13,2012,28.2
7454,36,13,2013,22.4
7455,36,13,2014,25.6
7456,36,13,2015,20.5
7457,36,13,2016,24.5
7458,36,13,2017,21.7
7459,36,13,2018,32.0
7460,36,13,2019,15.0
7524,36,29,2011,29.3
7525,36,29,2012,26.7
7526,36,29,2013,27.9
7527,36,29,2014,20.1
7528,36,29,2015,21.6
7529,36,29,2016,13.6
7530,36,29,2017,23.7
7531,36,29,2018,20.6
7532,36,29,2019,18.6
7533,36,31,2011,14.8
7534,36,31,2012,16.5
7535,36,31,2013,13.6
7536,36,31,2014,10.8
7537,36,31,2015,15.0
7538,36,31,2016,10.8
7539,36,31,2017,12.2
7540,36,31,2018,12.6
7541,36,31,2019,8.7
7605,36,47,2011,25.7
7606,36,47,2012,27.5
7607,36,47,2013,32.1
7608,36,47,2014,26.0
7609,36,47,2015,27.2
7610,36,47,2016,26.1
7611,36,47,2017,21.9
7612,36,47,2018,21.5
7613,36,47,2019,23.4
7641,36,55,2011,29.8
7642,36,55,2012,28.6
7643,36,55,2013,20.4
7644,36,55,2014,37.8
7645,36,55,2015,41.4
7646,36,55,2016,88.1
7647,36,55,2017,55.2
7648,36,55,2018,37.5
7649,36,55,2019,28.9
7659,36,59,2011,28.7
7668,36,61,2011,32.6
7669,36,61,2012,23.7
7670,36,61,2013,30.4
7671,36,61,2014,28.0
7672,36,61,2015,26.7
7673,36,61,2016,23.2
7674,36,61,2017,19.4
7675,36,61,2018,25.0
7676,36,61,2019,18.9
7677,36,63,2011,23.0
7678,36,63,2012,26.8
7679,36,63,2013,19.1
7695,36,67,2011,30.0
7696,36,67,2012,19.5
7697,36,67,2013,19.5
7698,36,67,2014,25.8
7699,36,67,2015,85.7
7700,36,67,2016,38.9
7701,36,67,2017,35.7
7702,36,67,2018,32.4
7703,36,67,2019,30.0
7713,36,71,2011,28.7
7714,36,71,2012,23.2
7715,36,71,2013,28.7
7716,36,71,2014,22.9
7717,36,71,2015,22.0
7718,36,71,2016,18.9
7719,36,71,2017,15.6
7720,36,71,2018,17.0
7721,36,71,2019,18.8
7758,36,81,2011,34.9
7759,36,81,2012,29.8
7760,36,81,2013,30.0
7761,36,81,2014,60.1
7762,36,81,2015,44.7
7763,36,81,2016,40.5
7764,36,81,2017,110.4
7765,36,81,2018,43.2
7766,36,81,2019,43.6
7776,36,85,2011,26.0
7777,36,85,2012,23.6
7778,36,85,2013,27.1
7779,36,85,2014,26.9
7780,36,85,2015,27.4
7781,36,85,2016,22.4
7782,36,85,2017,20.8
7783,36,85,2018,22.4
7784,36,85,2019,24.2
7848,36,101,2011,23.8
7849,36,101,2012,20.5
7850,36,101,2013,21.0
7851,36,101,2014,35.2
7852,36,101,2015,100.7
7853,36,101,2016,37.0
7854,36,101,2017,104.0
7855,36,101,2018,85.0
7856,36,101,2019,30.8
7857,36,103,2011,25.7
7858,36,103,2012,21.5
7859,36,103,2013,24.1
7860,36,103,2014,24.0
7861,36,103,2015,23.3
7862,36,103,2016,19.0
7863,36,103,2017,17.9
7864,36,103,2018,20.5
7865,36,103,2019,23.5
7929,36,119,2011,26.8
7956,37,1,2011,35.5
7957,37,1,2012,19.5
7958,37,1,2013,21.8
7959,37,1,2014,16.0
7960,37,1,2015,12.3
8046,37,21,2011,20.0
8047,37,21,2012,18.1
8048,37,21,2013,18.8
8049,37,21,2014,22.5
8050,37,21,2015,14.9
8051,37,21,2016,330.1
8052,37,21,2017,40.2
8053,37,21,2018,126.4
8054,37,21,2019,45.9
8100,37,33,2011,18.6
8101,37,33,2012,222.2
8102,37,33,2013,79.9
8103,37,33,2014,114.4
8104,37,33,2015,91.0
8105,37,33,2016,25.5
8109,37,35,2011,32.2
8110,37,35,2012,22.8
8111,37,35,2013,21.6
8112,37,35,2014,39.9
8113,37,35,2015,57.9
8114,37,35,2016,44.1
8115,37,35,2017,67.0
8116,37,35,2018,163.0
8117,37,35,2019,70.0
8118,37,37,2011,25.4
8119,37,37,2012,17.5
8120,37,37,2013,18.6
8121,37,37,2014,15.5
8181,37,51,2011,24.0
8182,37,51,2012,17.8
8183,37,51,2013,19.5
8184,37,51,2014,18.1
8185,37,51,2015,15.0
8186,37,51,2016,85.0
8187,37,51,2017,124.0
8188,37,51,2018,116.0
8189,37,51,2019,97.0
8208,37,57,2011,21.5
8209,37,57,2012,24.0
8210,37,57,2013,23.2
8211,37,57,2014,54.6
8212,37,57,2015,97.5
8213,37,57,2016,64.8
8214,37,57,2017,58.5
8215,37,57,2018,57.0
8216,37,57,2019,128.0
8226,37,61,2011,40.0
8227,37,61,2012,86.1
8228,37,61,2013,57.6
8229,37,61,2014,142.6
8230,37,61,2015,16.5
8235,37,63,2011,21.3
8236,37,63,2012,19.9
8237,37,63,2013,26.1
8238,37,63,2014,17.8
8239,37,63,2015,52.9
8240,37,63,2016,140.9
8241,37,63,2017,57.0
8242,37,63,2018,42.0
8243,37,63,2019,42.0
8244,37,65,2011,29.0
8245,37,65,2012,22.0
8246,37,65,2013,20.6
8253,37,67,2011,26.5
8254,37,67,2012,22.5
8255,37,67,2013,24.9
8256,37,67,2014,24.7
8257,37,67,2015,26.1
8258,37,67,2016,15.3
8259,37,67,2017,17.9
8260,37,67,2018,65.5
8261,37,67,2019,93.4
8271,37,71,2011,28.7
8272,37,71,2012,17.7
8273,37,71,2013,19.3
8274,37,71,2014,20.3
8275,37,71,2015,15.1
8316,37,81,2011,26.0
8317,37,81,2012,20.7
8318,37,81,2013,22.9
8319,37,81,2014,14.9
8320,37,81,2015,34.0
8321,37,81,2016,67.0
8322,37,81,2017,52.0
8323,37,81,2018,45.0
8324,37,81,2019,66.0
8343,37,87,2011,27.3
8344,37,87,2012,23.0
8345,37,87,2013,25.8
8346,37,87,2014,25.0
8347,37,87,2015,19.6
8397,37,99,2011,22.1
8398,37,99,2012,25.4
8399,37,99,2013,26.3
8400,37,99,2014,16.4
8401,37,99,2015,17.0
8402,37,99,2016,60.2
8403,37,99,2017,12.7
8404,37,99,2018,19.3
8405,37,99,2019,17.2
8406,37,101,2011,35.8
8407,37,101,2012,20.6
8408,37,101,2013,18.4
8409,37,101,2014,16.6
8410,37,101,2015,19.5
8411,37,101,2016,73.0
8412,37,101,2017,156.0
8413,37,101,2018,100.0
8414,37,101,2019,125.0
8427,37,105,2014,180.2
8428,37,105,2015,168.8
8433,37,107,2011,71.7
8434,37,107,2012,20.4
8435,37,107,2013,18.1
8469,37,117,2011,31.3
8470,37,117,2012,31.2
8471,37,117,2013,138.2
8472,37,117,2014,71.7
8473,37,117,2015,16.6
8478,37,111,2011,24.1
8479,37,111,2012,18.6
8480,37,111,2013,19.9
8481,37,111,2014,37.6
8482,37,111,2015,20.0
8487,37,119,2011,28.7
8488,37,119,2012,20.6
8489,37,119,2013,23.7
8490,37,119,2014,23.6
8491,37,119,2015,17.9
8492,37,119,2016,32.4
8493,37,119,2017,76.0
8494,37,119,2018,60.0
8495,37,119,2019,98.0
8496,37,121,2011,23.5
8497,37,121,2012,19.7
8498,37,121,2013,20.1
8499,37,121,2014,18.8
8500,37,121,2015,15.7
8501,37,121,2016,221.0
8502,37,121,2017,85.2
8503,37,121,2018,143.0
8504,37,121,2019,33.0
8505,37,123,2011,30.3
8506,37,123,2012,18.1
8507,37,123,2013,132.7
8508,37,123,2014,64.5
8509,37,123,2015,88.8
8510,37,123,2016,71.3
8511,37,123,2017,45.7
8512,37,123,2018,118.0
8513,37,123,2019,119.0
8532,37,129,2011,35.9
8533,37,129,2012,30.2
8534,37,129,2013,50.4
8535,37,129,2014,36.0
8536,37,129,2015,15.9
8537,37,129,2016,60.9
8538,37,129,2017,37.3
8539,37,129,2018,44.0
8540,37,129,2019,50.0
8549,37,131,2019,70.0
8613,37,147,2011,28.7
8614,37,147,2012,21.0
8615,37,147,2013,18.3
8616,37,147,2014,16.6
8617,37,147,2015,16.0
8618,37,147,2016,15.8
8619,37,147,2017,13.6
8620,37,147,2018,13.4
8621,37,147,2019,25.0
8649,37,155,2011,35.2
8650,37,155,2012,24.7
8651,37,155,2013,18.4
8652,37,155,2014,16.8
8667,37,159,2011,22.4
8668,37,159,2012,18.9
8669,37,159,2013,22.2
8670,37,159,2014,19.8
8671,37,159,2015,88.6
8675,37,159,2019,81.0
8730,37,173,2011,55.2
8731,37,173,2012,98.5
8732,37,173,2013,176.3
8733,37,173,2014,131.5
8734,37,173,2015,192.0
8735,37,173,2016,356.5
8736,37,173,2017,58.9
8737,37,173,2018,102.0
8738,37,173,2019,79.0
8775,37,183,2011,60.6
8776,37,183,2012,54.2
8777,37,183,2013,40.8
8778,37,183,2014,195.3
8779,37,183,2015,72.7
8780,37,183,2016,95.9
8781,37,183,2017,58.0
8782,37,183,2018,41.8
8783,37,183,2019,38.9
8802,37,189,2011,21.6
8803,37,189,2012,19.1
8804,37,189,2013,14.3
8805,37,189,2014,15.6
8806,37,189,2015,52.5
8811,37,191,2011,28.6
8812,37,191,2012,43.5
8813,37,191,2013,203.9
8814,37,191,2014,62.5
8815,37,191,2015,16.4
8865,44,3,2011,72.0
8866,44,3,2012,65.0
8867,44,3,2013,46.0
8868,44,3,2014,41.0
8869,44,3,2015,33.0
8870,44,3,2016,193.0
8871,44,3,2017,28.0
8872,44,3,2018,32.0
8873,44,3,2019,27.0
8883,44,7,2011,86.0
8884,44,7,2012,46.0
8885,44,7,2013,132.0
8886,44,7,2014,69.0
8887,44,7,2015,287.0
8888,44,7,2016,43.0
8889,44,7,2017,74.0
8890,44,7,2018,119.0
8891,44,7,2019,30.0
8893,44,9,2012,31.0
8894,44,9,2013,48.0
8895,44,9,2014,36.0
8896,44,9,2015,53.0
8897,44,9,2016,24.0
8898,44,9,2017,28.0
8899,44,9,2018,28.0
8900,44,9,2019,44.0
8939,47,9,2013,19.7
8940,47,9,2014,22.0
8941,47,9,2015,18.3
8942,47,9,2016,70.2
8943,47,9,2017,34.0
8944,47,9,2018,69.0
8945,47,9,2019,60.0
9065,47,37,2013,27.0
9066,47,37,2014,24.8
9067,47,37,2015,24.4
9068,47,37,2016,98.0
9069,47,37,2017,143.0
9070,47,37,2018,31.0
9071,47,37,2019,48.0
9101,47,45,2013,19.3
9102,47,45,2014,26.0
9103,47,45,2015,19.1
9104,47,45,2016,14.3
9105,47,45,2017,31.0
9106,47,45,2018,36.0
9107,47,45,2019,31.0
9189,47,65,2011,26.6
9190,47,65,2012,23.0
9191,47,65,2013,24.1
9192,47,65,2014,21.7
9193,47,65,2015,18.7
9194,47,65,2016,17.0
9195,47,65,2017,27.0
9196,47,65,2018,20.6
9197,47,65,2019,21.0
9317,47,93,2013,25.5
9318,47,93,2014,24.6
9319,47,93,2015,25.7
9320,47,93,2016,83.5
9321,47,93,2017,23.3
9322,47,93,2018,61.1
9323,47,93,2019,37.5
9344,47,99,2013,18.0
9345,47,99,2014,22.8
9346,47,99,2015,20.9
9347,47,99,2016,26.8
9348,47,99,2017,43.0
9349,47,99,2018,64.0
9350,47,99,2019,25.0
9371,47,105,2013,18.2
9372,47,105,2014,20.9
9373,47,105,2015,28.5
9374,47,105,2016,80.5
9375,47,105,2017,34.0
9376,47,105,2018,110.0
9377,47,105,2019,79.0
9389,47,113,2013,20.1
9390,47,113,2014,25.2
9391,47,113,2015,17.2
9392,47,113,2016,15.8
9393,47,113,2017,33.0
9394,47,113,2018,51.0
9395,47,113,2019,32.0
9416,47,119,2013,15.8
9417,47,119,2014,21.2
9418,47,119,2015,17.4
9419,47,119,2016,25.1
9420,47,119,2017,267.0
9421,47,119,2018,50.0
9422,47,119,2019,34.0
9425,47,107,2013,18.6
9426,47,107,2014,21.4
9427,47,107,2015,17.9
9428,47,107,2016,85.6
9429,47,107,2017,47.0
9430,47,107,2018,134.0
9431,47,107,2019,47.0
9461,47,125,2013,24.5
9462,47,125,2014,27.5
9463,47,125,2015,21.7
9464,47,125,2016,18.2
9465,47,125,2017,112.0
9466,47,125,2018,36.0
9467,47,125,2019,35.0
9533,47,141,2013,19.1
9534,47,141,2014,27.2
9535,47,141,2015,16.5
9536,47,141,2016,29.7
9537,47,141,2017,89.0
9538,47,141,2018,278.0
9539,47,141,2019,66.0
9549,47,145,2011,49.0
9550,47,145,2012,43.0
9551,47,145,2013,43.0
9552,47,145,2014,297.0
9553,47,145,2015,21.0
9554,47,145,2016,77.0
9555,47,145,2017,53.0
9556,47,145,2018,79.0
9557,47,145,2019,73.0
9605,47,157,2013,24.4
9606,47,157,2014,39.7
9607,47,157,2015,20.3
9608,47,157,2016,18.3
9609,47,157,2017,17.7
9610,47,157,2018,26.9
9611,47,157,2019,37.2
9632,47,163,2013,18.6
9633,47,163,2014,17.0
9634,47,163,2015,21.1
9635,47,163,2016,46.1
9636,47,163,2017,31.0
9637,47,163,2018,78.0
9638,47,163,2019,37.0
9641,47,165,2013,23.6
9642,47,165,2014,20.5
9643,47,165,2015,17.9
9644,47,165,2016,28.4
9645,47,165,2017,129.0
9646,47,165,2018,106.0
9647,47,165,2019,76.0
9765,49,3,2011,57.5
9766,49,3,2012,33.4
9767,49,3,2013,72.6
9768,49,3,2014,81.4
9769,49,3,2015,63.1
9770,49,3,2016,62.5
9771,49,3,2017,51.9
9772,49,3,2018,76.3
9773,49,3,2019,53.2
9774,49,5,2011,85.6
9775,49,5,2012,31.6
9776,49,5,2013,120.5
9777,49,5,2014,117.2
9778,49,5,2015,57.1
9779,49,5,2016,140.9
9780,49,5,2017,188.7
9781,49,5,2018,66.2
9782,49,5,2019,81.6
9801,49,11,2011,56.4
9802,49,11,2012,34.7
9803,49,11,2013,51.2
9804,49,11,2014,47.1
9805,49,11,2015,70.2
9806,49,11,2016,79.8
9807,49,11,2017,77.3
9808,49,11,2018,176.8
9809,49,11,2019,75.0
9810,49,13,2011,36.6
9811,49,13,2012,36.6
9814,49,13,2015,97.7
9815,49,13,2016,38.0
9816,49,13,2017,95.8
9817,49,13,2018,96.1
9818,49,13,2019,54.0
9853,49,21,2018,46.8
9854,49,21,2019,50.5
9909,49,35,2011,38.9
9910,49,35,2012,23.5
9911,49,35,2013,112.5
9912,49,35,2014,149.3
9913,49,35,2015,279.8
9914,49,35,2016,198.5
9915,49,35,2017,69.1
9916,49,35,2018,201.6
9917,49,35,2019,44.9
9954,49,45,2011,29.6
9955,49,45,2012,29.0
9956,49,45,2013,80.5
9957,49,45,2014,97.5
9959,49,45,2016,62.5
9960,49,45,2017,102.0
9961,49,45,2018,65.3
9962,49,45,2019,57.7
9964,49,47,2012,340.0
9965,49,47,2013,218.0
9967,49,47,2015,31.7
9968,49,47,2016,50.4
9969,49,47,2017,146.9
9970,49,47,2018,69.9
9971,49,47,2019,56.5
9972,49,49,2011,50.2
9973,49,49,2012,34.5
9974,49,49,2013,222.0
9975,49,49,2014,139.6
9976,49,49,2015,185.6
9977,49,49,2016,70.5
9978,49,49,2017,128.1
9979,49,49,2018,204.0
9980,49,49,2019,59.2
9990,49,53,2011,38.4
9991,49,53,2012,82.7
9992,49,53,2013,53.5
9993,49,53,2014,9.8
9994,49,53,2015,53.3
9995,49,53,2016,64.9
9996,49,53,2017,92.8
9997,49,53,2018,78.5
9998,49,53,2019,52.5
10008,49,57,2011,64.6
10009,49,57,2012,34.8
10010,49,57,2013,725.6
10011,49,57,2014,900.5
10012,49,57,2015,297.8
10013,49,57,2016,95.9
10014,49,57,2017,84.8
10015,49,57,2018,120.7
10016,49,57,2019,48.0
10026,50,3,2011,20.4
10027,50,3,2012,16.7
10028,50,3,2013,18.2
10029,50,3,2014,14.3
10030,50,3,2015,36.6
10031,50,3,2016,28.0
10032,50,3,2017,41.7
10033,50,3,2018,32.6
10034,50,3,2019,92.9
10044,50,7,2011,26.5
10045,50,7,2012,18.1
10046,50,7,2013,14.1
10047,50,7,2014,32.3
10048,50,7,2015,25.4
10049,50,7,2016,29.2
10050,50,7,2017,22.8
10051,50,7,2018,34.5
10052,50,7,2019,24.8
10107,50,21,2011,38.1
10108,50,21,2012,33.0
10109,50,21,2013,25.1
10110,50,21,2014,90.9
10111,50,21,2015,88.0
10112,50,21,2016,52.0
10113,50,21,2017,50.2
10114,50,21,2018,56.7
10115,50,21,2019,55.5
10152,55,3,2011,19.5
10153,55,3,2012,18.3
10154,55,3,2013,16.2
10155,55,3,2014,21.2
10156,55,3,2015,19.1
10157,55,3,2016,14.0
10158,55,3,2017,8.9
10159,55,3,2018,33.0
10160,55,3,2019,55.5
10179,55,9,2011,84.4
10180,55,9,2012,41.0
10181,55,9,2013,29.6
10182,55,9,2014,38.1
10183,55,9,2015,27.2
10184,55,9,2016,23.5
10185,55,9,2017,198.0
10186,55,9,2018,90.0
10187,55,9,2019,124.0
10251,55,25,2011,57.3
10252,55,25,2012,25.6
10253,55,25,2013,19.1
10254,55,25,2014,23.4
10255,55,25,2015,20.4
10256,55,25,2016,24.6
10257,55,25,2017,79.0
10258,55,25,2018,41.3
10259,55,25,2019,54.4
10260,55,27,2011,61.0
10261,55,27,2012,29.0
10262,55,27,2013,21.4
10263,55,27,2014,31.9
10264,55,27,2015,21.9
10265,55,27,2016,54.6
10266,55,27,2017,901.0
10267,55,27,2018,43.3
10268,55,27,2019,58.8
10296,55,35,2011,21.9
10297,55,35,2012,25.7
10298,55,35,2013,22.0
10299,55,35,2014,24.2
10300,55,35,2015,19.0
10301,55,35,2016,16.9
10302,55,35,2017,157.0
10303,55,35,2018,45.7
10304,55,35,2019,55.4
10323,55,41,2011,115.0
10324,55,41,2012,31.0
10325,55,41,2013,16.6
10326,55,41,2014,14.6
10327,55,41,2015,19.7
10328,55,41,2016,10.2
10329,55,41,2017,28.0
10330,55,41,2018,63.0
10331,55,41,2019,57.8
10332,55,43,2011,27.7
10333,55,43,2012,29.1
10334,55,43,2013,21.2
10335,55,43,2014,29.0
10336,55,43,2015,27.0
10337,55,43,2016,25.1
10338,55,43,2017,85.0
10339,55,43,2018,57.0
10340,55,43,2019,77.5
10404,55,59,2011,73.8
10405,55,59,2012,32.7
10406,55,59,2013,26.3
10407,55,59,2014,25.1
10408,55,59,2015,60.4
10409,55,59,2016,19.6
10410,55,59,2017,54.0
10411,55,59,2018,169.0
10412,55,59,2019,241.6
10422,55,63,2011,74.5
10423,55,63,2012,27.7
10424,55,63,2013,21.3
10425,55,63,2014,23.9
10426,55,63,2015,28.9
10427,55,63,2016,25.4
10428,55,63,2017,53.0
10429,55,63,2018,41.9
10430,55,63,2019,44.4
10503,55,79,2011,171.0
10504,55,79,2012,38.2
10505,55,79,2013,24.7
10506,55,79,2014,28.5
10507,55,79,2015,27.5
10508,55,79,2016,23.9
10509,55,79,2017,113.0
10510,55,79,2018,218.0
10511,55,79,2019,127.0
10539,55,87,2011,32.7
10540,55,87,2012,40.0
10541,55,87,2013,26.7
10542,55,87,2014,37.4
10543,55,87,2015,22.9
10544,55,87,2016,22.9
10545,55,87,2017,77.0
10546,55,87,2018,210.0
10547,55,87,2019,120.3
10548,55,89,2011,22.4
10549,55,89,2012,21.6
10550,55,89,2013,20.0
10551,55,89,2014,23.9
10552,55,89,2015,29.7
10553,55,89,2016,19.7
10554,55,89,2017,35.0
10555,55,89,2018,50.0
10556,55,89,2019,38.5
10638,55,111,2011,29.0
10639,55,111,2012,38.0
10640,55,111,2013,18.6
10641,55,111,2014,22.5
10642,55,111,2015,17.3
10643,55,111,2016,26.8
10644,55,111,2017,42.0
10645,55,111,2018,38.0
10646,55,111,2019,62.5
10683,55,119,2011,20.3
10684,55,119,2012,21.0
10685,55,119,2013,20.6
10686,55,119,2014,22.1
10687,55,119,2015,20.6
10688,55,119,2016,18.0
10689,55,119,2017,90.0
10690,55,119,2018,79.0
10691,55,119,2019,57.3
10710,55,125,2011,17.7
10711,55,125,2012,23.5
10712,55,125,2013,14.4
10713,55,125,2014,14.2
10714,55,125,2015,19.9
10715,55,125,2016,14.8
10716,55,125,2017,24.0
10717,55,125,2018,35.3
10718,55,125,2019,38.7
10746,55,133,2011,34.1
10747,55,133,2012,27.1
10748,55,133,2013,24.5
10749,55,133,2014,24.3
10750,55,133,2015,27.2
10751,55,133,2016,25.9
10752,55,133,2017,196.0
10753,55,133,2018,69.0
10754,55,133,2019,90.2
